"Faction_EDID","Faction_Name"
"AlduinFaction","Used by dragonrend shout"
"AngasMillAerisHouseFaction",""
"AngasMillCommonHouseFaction","Owners of the Common House"
"ArenaFaction","Windhelm Pit"
"ArenaPacifyFaction",""
"ArenaSelfLoathingFaction",""
"AtronachFlameFaction","Flame Atronach Faction"
"AtronachFrostFaction","Frost Atronach Faction"
"AtronachStormFaction","Storm Atronach Faction"
"BanditAllyFaction","Bandit Ally Faction"
"BanditFaction",""
"BanditFaction",""
"BanditFaction",""
"BanditFriendFaction",""
"BanditFriendFaction",""
"BardAudienceExcludedFaction",""
"BardAudienceMarker",""
"BardNoRequestFaction",""
"BardSingerFaction",""
"BardSingerInstrumentalOnlyFaction",""
"BardSingerNoAutostart",""
"BearFaction","Bear Faction"
"BladesFaction","Blades"
"BladesRecruitsFaction",""
"BrandyMugFarmFaction","Brandy Mug Farm Faction"
"BYOHCarriageDriverFaction",""
"BYOHDisallowGamesFaction",""
"BYOHHouse1Faction",""
"BYOHHouse2Faction",""
"BYOHHouse3Faction",""
"BYOHHouseBanditAttackFriendFaction",""
"BYOHHouseBardFaction",""
"BYOHHousecarlFaction",""
"BYOHHousecarlFalkreathCrimeFaction",""
"BYOHHousecarlHjaalmarchCrimeFaction",""
"BYOHHousecarlPaleCrimeFaction",""
"BYOHHouseFalkreathServicesSpouseApothecary",""
"BYOHHouseFalkreathServicesSpouseApothecary",""
"BYOHHouseFalkreathServicesSpouseBlacksmith",""
"BYOHHouseFalkreathServicesSpouseInnkeeper",""
"BYOHHouseFalkreathServicesSpouseMiscVendor",""
"BYOHHouseFalkreathServicesSpouseSpells",""
"BYOHHouseHjaalmarchServicesSpouseApothecary",""
"BYOHHouseHjaalmarchServicesSpouseApothecary",""
"BYOHHouseHjaalmarchServicesSpouseBlacksmith",""
"BYOHHouseHjaalmarchServicesSpouseInnkeeper",""
"BYOHHouseHjaalmarchServicesSpouseMiscVendor",""
"BYOHHouseHjaalmarchServicesSpouseSpells",""
"BYOHHousePaleServicesSpouseApothecary",""
"BYOHHousePaleServicesSpouseApothecary",""
"BYOHHousePaleServicesSpouseBlacksmith",""
"BYOHHousePaleServicesSpouseInnkeeper",""
"BYOHHousePaleServicesSpouseMiscVendor",""
"BYOHHousePaleServicesSpouseSpells",""
"BYOHHouseStewardFaction",""
"BYOHHouseStewardNoForcegreet",""
"BYOHLumberVendorFaction",""
"BYOHRelationshipAdoptableFaction",""
"BYOHRelationshipAdoptionChildOwnedFaction",""
"BYOHRelationshipAdoptionFaction",""
"BYOHRelationshipPotentialPetFaction",""
"BYOHServicesWindhelmSofie","Sofie's Flowers"
"BYOHUrchin_AlesanJobFaction",""
"BYOHUrchin_BlaiseJobFaction",""
"BYOHUrchin_LuciaJobFaction",""
"BYOHUrchin_SofieJobFaction",""
"C00GiantHuntFaction",""
"C00JorrvaskrFightingFaction",""
"C06KodlakAndWolfFaction",""
"C06PlayerWolfSpecialCombatFaction",""
"CaptiveFaction","NPCs Captured by Bandits"
"CaravanALeader",""
"CaravanALeader",""
"CaravanBLeader",""
"CaravanCLeader",""
"CaravanGuard",""
"CaravanMerchant",""
"CarriageSystemFaction","Carriage System Vendors"
"ccASVSSE001_AlchemistrFaction","Indoril Alchemist Faction"
"ccASVSSE001_AshZombieFaction","Ash Zombie Faction"
"ccASVSSE001_BlacksmithFaction","Indoril Blacksmith Faction"
"ccASVSSE001_CaretakerFaction","Indoril Caretaker Faction"
"ccASVSSE001_GuardBuyerFaction","Guard and Buyer Faction"
"ccASVSSE001_SoldierFaction","Indoril Soldier Faction"
"ccASVSSE001_TempleFaction","Indoril Faction"
"ccASVSSE001_TempleFactionEnemy","Indoril Faction"
"ccASVSSE001_TempleFactionFriend","Indoril Faction"
"ccASVSSE001_TemplePriestFaction","Indoril Priest Faction"
"ccBGSSSE001_CrabMQ2CrabFaction",""
"ccBGSSSE001_CrabMQ4CrabFaction",""
"ccBGSSSE001_CrabMQ4FlamingPotCrabFaction",""
"ccBGSSSE001_CrabMQ4GuardFaction",""
"ccBGSSSE001_PlayerEnemyFaction",""
"ccBGSSSE001_ServicesRiftenPlazaViriya",""
"ccBGSSSE005_BoethiahCultistFaction","Boethiah Cultist Faction"
"ccBGSSSE016_UmbraBossPlayerEnemyFaction","Umbra Boss Faction Player Enemy"
"ccBGSSSE016_UmbraImageFaction","Umbra Image Faction"
"ccBGSSSE020_StrangerFaction",""
"ccBGSSSE025_PetBanditFriendFaction","Saints and Seducers Bandits"
"ccBGSSSE025_RootDungeonBossFaction","Root Dungeon Boss Faction"
"ccBGSSSE025_RootDungeonFaction","Root Dungeon Faction"
"ccBGSSSE025_SaintsSeducersBanditFaction","Saints and Seducers Bandits"
"ccBGSSSE034_WildHorseFaction",""
"ccBGSSSE040_GoblinArenaFaction","Goblin"
"ccBGSSSE040_GoblinFaction","Goblin"
"ccBGSSSE040_GoblinFollowerFaction","Goblin"
"ccBGSSSE040_PlayerAllyFaction","Goblin"
"ccBGSSSE041_DLC2NetchFaction",""
"ccBGSSSE041_DLC2NetchFactionEnemy",""
"ccBGSSSE041_PlayerAllyFaction01",""
"ccBGSSSE041_PlayerAllyFaction02",""
"ccBGSSSE058_PeladiusFaction",""
"ccBGSSSE059_BanditEnemyFaction","Bear Faction"
"ccBGSSSE059_BanditFaction","Bear Faction"
"ccBGSSSE063_BladesFaction","Blades"
"ccBGSSSE067_MythicDawnFaction",""
"ccBGSSSE067_MythicDawnFactionEnemy",""
"ccEDHSSE003_CaravanFaction","Ismal Caravan"
"ccEDHSSE003_RedguardEliteFaction","Remnant"
"ccEDHSSE003_RedguardEliteHostageFaction","Remnant Hostage"
"ccEEJSSE005_PartyFaction",""
"ccEEJSSE005_PartyFactionEnemy",""
"ccFFBSSE001_CWCrimeFactionImperial",""
"ccFFBSSE001_CWCrimeFactionSons",""
"ccFFBSSE001_CWImperialEnemyFaction",""
"ccFFBSSE001_CWSonsEnemyFaction",""
"ccKRTSSE001_CrimeFactionRift","Pit Faction"
"ccKRTSSE001_QF_Faction",""
"ccTWBSSE001_PetFriendFaction",""
"ccVSVSSE001_ReindeerStablesFaction","Reindeer Stables Faction"
"ccVSVSSE001_ServicesReindeerMerchant","Reindeer Merchant"
"ccVSVSSE003_PlayerAllyFaction",""
"ccVSVSSE003_ShadeFaction",""
"ccVSVSSE003_ShadeTargetFaction",""
"ccVSVSSE004_FACT_Farm",""
"ccVSVSSE004_FACT_FarmFarmhand",""
"ccVSVSSE004_FACT_FarmOverseer",""
"ccVSVSSE004_FACT_WasFollower",""
"ccVSVSSE004_FACT_WasHireling",""
"ChaurusFaction",""
"ChaurusFaction","Chaurus Faction"
"ChickenFaction",""
"ChickenFaction","Prey Faction"
"ChillfurrowFarmFaction",""
"CollegeofWinterholdArchMageFaction","College of Winterhold Arch-Mage Faction"
"CollegeofWinterholdFaction","College of Winterhold"
"CompanionsCircle",""
"CompanionsCircle",""
"CompanionsCirclePlusKodlak",""
"CompanionsCirclePlusKodlak",""
"CompanionsFaction","The Companions"
"CompanionsFactionMinusBrillAndVignar",""
"CompanionsHarbingerFaction",""
"CompanionsSingleCombatFaction",""
"CompanionsTrainingSpecialCombatFaction",""
"CompanionsTrainingSpecialCombatHateFaction",""
"CR04ExclusionFaction",""
"CR08ExclusionFaction",""
"CreatureFaction","Creature Faction"
"CreatureFriendFaction","Faction that is friends with all Creatures"
"CrimeFactionCidhnaMine",""
"CrimeFactionEastmarch","Eastmarch"
"CrimeFactionFalkreath","Falkreath"
"CrimeFactionGreybeard",""
"CrimeFactionHaafingar","Haafingar"
"CrimeFactionHjaalmarch","Hjaalmarch"
"CrimeFactionImperial","Imperial Legion"
"CrimeFactionKhajiitCaravans","Khajiit Traders"
"CrimeFactionNull",""
"CrimeFactionOrcs","Tribal Orcs"
"CrimeFactionPale","The Pale"
"CrimeFactionReach","The Reach"
"CrimeFactionRift","The Rift"
"CrimeFactionSons","Stormcloaks"
"CrimeFactionThievesGuild","Thieves Guild"
"CrimeFactionWhiterun","Whiterun"
"CrimeFactionWinterhold","Winterhold"
"CurrentFollowerFaction",""
"CurrentFollowerFaction",""
"CurrentHireling",""
"CWAlliesEastmarchFaction","Can show up at battles in this hold"
"CWAlliesFalkreathFaction","Can show up at battles in this hold"
"CWAlliesHaafingarFaction","Can show up at battles in this hold"
"CWAlliesHjaalmarchFaction","Can show up at battles in this hold"
"CWAlliesImperialsOnlyFaction","Only shows up if Player is Imperial"
"CWAlliesPaleFaction","Can show up at battles in this hold"
"CWAlliesReachFaction","Can show up at battles in this hold"
"CWAlliesRiftFaction","Can show up at battles in this hold"
"CWAlliesSonsOnlyFaction","Only shows up if Player is Stormcloak"
"CWAlliesWhiterunFaction","Can show up at battles in this hold"
"CWAlliesWinterholdFaction","Can show up at battles in this hold"
"CWBuddies","After Hadvar/Ralof get to know you, they are in this faction - used to conditionalize dialogue"
"CWCastleHideFaction","During sieges, staff and family hide."
"CWCivilianFaction",""
"CWDialogueSoldierFaction",""
"CWDialogueSoldierWaitingToAttackFaction",""
"CWDialogueSoldierWaitingToDefendFaction",""
"CWDisaffectedSoldierFaction",""
"CWFieldCOActiveMissionFaction","Rank = which mission is the player's active mission"
"CWFieldCOFaction",""
"CWFieldCOFailedMissionFaction","Rank = which mission was last failed"
"CWFieldCOHooksAcceptedFaction","Player has accepted mission hooks from this field co"
"CWFieldCOPotentialMission1Faction","Rank = which mission is in ""slot"" 1"
"CWFieldCOPotentialMission2Faction","Rank = which mission is in ""slot"" 2"
"CWFieldCOSuccessfulMissionFaction","Rank = which mission was last successful"
"CWFinaleTemporaryAllies",""
"CWFortFaction","All guards of both factions in forts get put in this faction"
"CWImperialAlly","civilian allies of Imperial faction"
"CWImperialFaction","Imperial Legion"
"CWImperialFactionNPC",""
"CWImperialFactionNPC","NPC faction (creates hostility to enemy)"
"CWImperialFieldCOVoiceTypeFaction",""
"CWJobFortCommanderFaction",""
"CWJobFortGatekeeperFaction",""
"CWJobFortJailorFaction",""
"CWJobFortPatrolExteriorFaction",""
"CWMission03BedFaction",""
"CWMission04PrisonerFreedFaction",""
"CWMission07BlackMailedFaction","Steward has already been blackmailed."
"CWMission08AllGiantsPlayerFriendFaction","Once the player gives the cow to the giant they are both permamently added to this faction"
"CWMission08EnemyToGiant",""
"CWMission08GiantFaction",""
"CWMission08GiantPlayerAlliesFaction","Once the player gives the cow to the giant they are both permamently added to this faction"
"CWPlayerAlly",""
"CWPotentialAllyFaction","1 = Imperial, 2 = Stormcloak supporter"
"CWPrepareCityCitizenCityCenterExlusion",""
"CWQuartermasters",""
"CWRewardFactionFalkreath",""
"CWRewardFactionHjaalmarch",""
"CWRewardFactionPale",""
"CWRewardFactionReach",""
"CWRewardFactionRift",""
"CWRewardFactionWhiterun",""
"CWRewardFactionWinterhold",""
"CWServicesQuartermasterImperial",""
"CWServicesQuartermasterSons",""
"CWSoldierArcherFaction",""
"CWSoldierAttackerFaction",""
"CWSoldierDefenderFaction",""
"CWSoldierMageFaction",""
"CWSoldierNoGuardDialogueFaction","Faction for CW soldiers (excludes guard dialogue)"
"CWSoldierPlayerEnemyFaction",""
"CWSonsAlly","civilian allies of Sons of Skyrim faction"
"CWSonsFaction","Sons of Skyrim"
"CWSonsFactionNPC",""
"CWSonsFactionNPC","NPC faction (creates hostility to enemy)"
"CWSonsFieldCOVoiceTypeFaction",""
"CWSurrenderTemporaryAllies",""
"CWWhiterunGuardNeutralFaction","Whiterun Guard Neutral Faction"
"DA01AraneaAllyFaction",""
"DA01MalynVarenFaction",""
"DA01NelacarEnemyFaction",""
"DA01NelacarFaction",""
"DA01PlayerEnemyFaction",""
"DA02ConduitPlayerAlly",""
"DA02CulistsPlayerEnemy",""
"DA02CultistsAreEnemies",""
"DA02ElisifAfraidOfPlayer",""
"DA02EscortedFaction","Player is being escorted by a friend"
"DA02GuardFaction","Blue Palace Guard for DA02"
"DA02GuardsPlayerEnemy",""
"DA03BarbasFaction","BarbasFaction"
"DA03VampireFaction",""
"DA05HuntersOfHircineFaction","Hunters of Hircine"
"DA05HunterStallFaction","Hunters of Hircine"
"DA05QuestingBeastGhostFaction",""
"DA06GiantFaction",""
"DA06OrcFaction","Largashbur Orcs"
"DA06YamarzCombatFaction",""
"DA06YamarzCrimeFaction",""
"DA07MehrunesRazorImmuneFaction","NPCs Immune to Mehrunes Razor"
"DA07PlayerEnemyFaction",""
"DA07RazorOwnerFaction",""
"DA08SelfPacifyFaction",""
"DA09TemporaryDragonFriendFaction",""
"DA10PlayerEnemyFaction",""
"DA11AttackPlayerFaction",""
"DA11CannibalAttackFaction",""
"DA11CannibalFaction",""
"DA11GlooredhelAllyFaction",""
"DA11VerulusAllyFaction",""
"DA11VerulusFaction",""
"DA13AfflictedFaction","The Afflicted"
"DA14CultistFaction","Sanguine Cultist"
"DA15SafetyFaction",""
"DA16ErandurFaction",""
"DA16OrcAmbushFaction",""
"DA16OrcDreamFaction","DA16 Orc Dream Faction"
"DA16PriestFaction","DA16 Player Faction"
"DA16VaerminaDreamFaction","DA16 Player Faction"
"DA16VaerminaHostileFaction","DA16 Player Hate Faction"
"DaedraFaction","Daedra"
"DarkBrotherhoodFaction","The Dark Brotherhood"
"DarkwaterCrossingCrossinghouseFaction",""
"DarkwaterCrossingVernersHouseFaction",""
"DawnstarBrinaHouseFaction",""
"DawnstarFrukisHouseFaction",""
"DawnstarHousecarlOwnershipFaction",""
"DawnstarIrgnirsHouseFaction",""
"DawnstarIronBreakerMinersFaction",""
"DawnstarJarlOwnershipFaction",""
"DawnstarQuicksilverMinerFaction",""
"DawnstarRustleifsHouseFaction",""
"DawnstarWhiteHallFaction",""
"DawnstarWindpeakInnFaction",""
"DB09DoorLockFaction","DB09 Door Lock Faction"
"DB09TowerFaction",""
"DB10SanctuaryFamilyFaction","Dark Brotherhood Faction"
"DB11KatariahCrewFaction","Penitus Oculatus Faction"
"DB11PenitusOculatusOnKatariahFaction","Penitus Oculatus Faction"
"DBAmaundMotierreFaction",""
"DBAttackGiannaFaction","DB Attack Gianna Faction"
"DBAttackPlayerFaction","DB Attack Player Faction"
"DBCiceroDawnstarFaction",""
"DBCrimeFactionMaro","Commander Maro's Crime Faction"
"DBGiannaFaction","DB Attack Gianna Faction"
"DBPenitusOculatusFaction","Penitus Oculatus Faction"
"DBRecuringContact10CrimeFaction","DB RecurringTarget 9 CrimeFaction"
"DBRecuringContact1CrimeFaction","DB RecurringTarget 9 CrimeFaction"
"DBRecuringContact2CrimeFaction","DB RecurringTarget 9 CrimeFaction"
"DBRecuringContact3CrimeFaction","DB RecurringTarget 9 CrimeFaction"
"DBRecuringContact4CrimeFaction","DB RecurringTarget 9 CrimeFaction"
"DBRecuringContact5CrimeFaction","DB RecurringTarget 9 CrimeFaction"
"DBRecuringContact6CrimeFaction","DB RecurringTarget 9 CrimeFaction"
"DBRecuringContact7CrimeFaction","DB RecurringTarget 9 CrimeFaction"
"DBRecuringContact8CrimeFaction","DB RecurringTarget 9 CrimeFaction"
"DBRecuringContact9CrimeFaction","DB RecurringTarget 9 CrimeFaction"
"DBRecuringTarget10CrimeFaction","DB RecurringTarget 10 CrimeFaction"
"DBRecuringTarget1CrimeFaction","DB RecurringTarget 1 CrimeFaction"
"DBRecuringTarget2CrimeFaction","DB RecurringTarget 2 CrimeFaction"
"DBRecuringTarget3CrimeFaction","DB RecurringTarget 3 CrimeFaction"
"DBRecuringTarget4CrimeFaction","DB RecurringTarget 4 CrimeFaction"
"DBRecuringTarget5CrimeFaction","DB RecurringTarget 5 CrimeFaction"
"DBRecuringTarget6CrimeFaction","DB RecurringTarget 6 CrimeFaction"
"DBRecuringTarget7CrimeFaction","DB RecurringTarget 7 CrimeFaction"
"DBRecuringTarget8CrimeFaction","DB RecurringTarget 8 CrimeFaction"
"DBRecuringTarget9CrimeFaction","DB RecurringTarget 9 CrimeFaction"
"DBSancBabetteBedFaction","Babette's Bed Ownership"
"DGIntimidateFaction","For intimidate brawling"
"DialogueOrcHuntersFaction","Used to control DialogueOrcHunters conversations"
"DismissedFollowerFaction",""
"DLC1_BF_BossFightFaction",""
"DLC1_WESC09Faction",""
"DLC1DawnguardExteriorGuardFaction","dialogue faction for exterior Dawnguard NPCs"
"DLC1DawnguardFaction",""
"DLC1DexionThrall",""
"DLC1dunHarkonBattleAllyFaction",""
"DLC1dunHarkonBattleEnemyFaction",""
"DLC1dunRedwaterDenFaction",""
"DLC1dunRedwaterDenMerchant",""
"DLC1DurnehviirEnemyFaction",""
"DLC1DurnehviirFaction",""
"DLC1FerrySystemFaction","Ferry System Vendors"
"DLC1GeleborFaction",""
"DLC1GunmarFaction","Gunmar Faction"
"DLC1HireableDogFaction","Hireable dog/deathhound"
"DLC1HunterBaseIntroBearFaction",""
"DLC1HunterFaction",""
"DLC1LD_AetherialStaffBusyFaction",""
"DLC1LD_KatriaFaction",""
"DLC1MothPriestCrimeFaction",""
"DLC1MothPriestFaction",""
"DLC1PlayerTurnedVampire","The player made me into a vampire"
"DLC1PlayerVampireLordFaction",""
"DLC1PotentialVampireFaction","Player can turn this actor into a vampire"
"DLC1PriestCampVigilants",""
"DLC1PriestEscortVampires",""
"DLC1PriestEscortVigilants",""
"DLC1RadiantDisguisedFollowPlayerFaction",""
"DLC1RadiantDisguisedHunterFactionBard",""
"DLC1RadiantDisguisedHunterFactionMerchant",""
"DLC1RadiantDisguisedHunterFactionPilgrim",""
"DLC1RadiantDisguisedVampireFactionAdvisor",""
"DLC1RadiantDisguisedVampireFactionBard",""
"DLC1RadiantDisguisedVampireFactionMerchant",""
"DLC1RadiantDisguisedVampireFactionPilgrim",""
"DLC1RadiantQuestGiver",""
"DLC1RadiantQuestgiverTopicFaction","Gets dialogue pointing player to radiant quests"
"DLC1RadiantVampireBanditNecroAllys",""
"DLC1RadiantVampireBanditNecroAllys",""
"DLC1RuunvaldFaction",""
"DLC1RV01TargetFaction",""
"DLC1RV07CoffinOwnerFaction",""
"DLC1RV07ThankFaction",""
"DLC1SeranaCrimeFaction",""
"DLC1SeranaFaction",""
"DLC1ServicesFeran",""
"DLC1ServicesFeran",""
"DLC1ServicesFlorentius",""
"DLC1ServicesFlorentius",""
"DLC1ServicesGunmar",""
"DLC1ServicesGunmar",""
"DLC1ServicesHestla",""
"DLC1ServicesHestla",""
"DLC1ServicesRonthil",""
"DLC1ServicesRonthil",""
"DLC1ServicesSorineJurard",""
"DLC1ServicesSorineJurard",""
"DLC1ThrallFaction","Vampire Thrall Faction"
"DLC1TurningIntoVampireFaction","Player is turning me into a vampire"
"DLC1TutorialFaction",""
"DLC1UndeadGuardianFaction",""
"DLC1ValericaEnemyFaction",""
"DLC1ValericaFaction",""
"DLC1VampireCastleDoorFaction",""
"DLC1VampireCompanionFaction",""
"DLC1VampireCompanionFaction",""
"DLC1VampireCrimeFaction",""
"DLC1VampireFaction",""
"DLC1VampireFeedNoCrimeFaction",""
"DLC1VampireIntroEnemyFaction","DLC1 Vampire Intro Quest Enemy Faction"
"DLC1VampireSeductionBoostFaction","Vampire Seduction will always work for people in this faction per perk"
"DLC1VQ01CaptiveFaction",""
"DLC1VQ01ChatterFaction",""
"DLC1VQ01DraugrFaction","Draugr Faction"
"DLC1VQ01PuzzleRoomVampireFaction",""
"DLC1VQ02LockedDoorFaction",""
"DLC1VQ03FightFaction",""
"DLC1VQ03InnkeepersFaction",""
"DLC1VQ08HunterSiegeFaction",""
"DLC1VQ08VampireSiegeFaction",""
"DLC1VQDoorBlockerFaction",""
"DLC1WE01AttackPlayerFaction",""
"DLC1WE08SpecialCombatFaction",""
"DLC1WEJS06EnemiesFaction",""
"DLC2AncarionServicesFaction",""
"DLC2ApocryphaFaction","allied apocrypha creatures"
"DLC2ApocryphaTrapOwnerFaction",""
"DLC2ApoTentacleNoHitFaction",""
"DLC2AshSpawnFaction",""
"DLC2BanditDialogueFaction",""
"DLC2BBReward3Exclude","Black Book Reward 3 Exclude"
"DLC2BendWillFollowerFaction","Bend Will Follower Faction"
"DLC2BendWillImmuneFaction","Immune to Bend Will shout"
"DLC2BenthicLurkerFaction","Benthic Lurker Faction"
"DLC2Book01Seeker1stFloorFaction",""
"DLC2Book01Seeker2ndFloorFaction",""
"DLC2Book01Seeker3rdFloorFaction",""
"DLC2BookReadingCommentFaction",""
"DLC2CrimeRavenRockFaction","Raven Rock"
"DLC2CultistFaction",""
"DLC2CultistFaction","Cultist Faction"
"DLC2DremoraMerchantFaction",""
"DLC2DremoraPCAlly",""
"DLC2dunFrostmoonWerewolvesFaction",""
"DLC2dunFrostmoonWerewolvesVendorFaction",""
"DLC2dunKolbjornMinerFaction",""
"DLC2encAshGuardianFaction","Ash Guardian Faction"
"DLC2ExpSpiderEnemyFaction","Exploding Spider Faction"
"DLC2ExpSpiderFriendFaction","Exploding Spider Faction"
"DLC2HirelingTeldrynCrimeFaction",""
"DLC2HunterFaction",""
"dlc2MerchMerchantFaction",""
"DLC2MH02SpecialCombatFaction",""
"DLC2MiraakDragonAllyFaction","Combat dialogue for dragons allied to Miraak"
"DLC2MiraakFaction","Miraak's faction - just for him"
"DLC2MogrulFaction","Mogrul Faction"
"DLC2MoragTongFaction","Morag Tong Faction"
"DLC2MorasGraspExcludedFaction",""
"DLC2MQ02AllyFaction",""
"DLC2MQ02Faction",""
"DLC2MQ02MiraakEnemyFaction",""
"DLC2MQ04MiraakEnemyFaction",""
"DLC2MQ04MiraakFaction",""
"DLC2MQ05AllyFaction",""
"DLC2MQ05DragonFaction",""
"DLC2MQ06DragonFaction",""
"DLC2MQ06HostileFaction",""
"DLC2MQ06MiraakFaction",""
"DLC2MQ06NonHostileFaction",""
"DLC2NetchFaction",""
"DLC2NorthernMaidenFaction","Northern Maiden Faction"
"DLC2PillarBuilderFaction",""
"DLC2PillarBuilderFaction",""
"DLC2RavenRockGuardFaction","Raven Rock Guard Faction"
"DLC2RavenRockMinersFaction",""
"DLC2RieklingFaction","Riekling"
"DLC2RR01VelethAllyFaction","DLC2RR01 Veleth Ally Faction"
"DLC2RRAlorHouseFaction","Fethis and Dreyla Alor's Shared Faction"
"DLC2RRAranoSpouseFaction","Adril and Cindiri Arano's Shared Faction"
"DLC2RRBeggarFaction","Raven Rock Beggar Faction"
"DLC2RRBulwarkFaction","Raven Rock Bulwark Faction"
"DLC2RRCresciusCaerelliusHouseFaction","Raven Rock Crescius Caerellius's House Faction"
"DLC2RRCresciusSpouseFaction","Crescius & Aphia Shared Faction"
"DLC2RRGloverMalloryFaction","Raven Rock Ebony Anvil Faction"
"DLC2RRIenthFarmFaction","Raven Rock Ienth Farm Faction"
"DLC2RRMorvaynManorFaction","Raven Rock Morvayn Manor Faction"
"DLC2RRNetchFaction","Raven Rock Retching Netch Faction"
"DLC2RRServicesRavenRockFethis","Raven Rock Fethis Services Faction"
"DLC2RRServicesRavenRockGaryn","Raven Rock Garyn Services Faction"
"DLC2RRServicesRavenRockGeldis","Raven Rock Geldis Services Faction"
"DLC2RRServicesRavenRockGlover","Raven Rock Glover Services Faction"
"DLC2RRServicesRavenRockMilore","Raven Rock Milore Services Faction"
"DLC2RRSeverinManorFaction","Raven Rock Severin Manor Faction"
"DLC2RRSeverinSpouseFaction","Vendil & Tilisu Shared Faction"
"DLC2RRTempleFaction","Raven Rock Temple Faction"
"DLC2SeekerFaction",""
"DLC2ServicesTelMithrynElynea","Elynea Services"
"DLC2ServicesTelMithrynNeloth","Neloth Services"
"DLC2ServicesTelMithrynTalvas","Talvas Services"
"DLC2ServicesThirskElmus","Elmus Services"
"DLC2ServicesThirskHalbarn","Halbarn Services"
"DLC2SkaalBlacksmith",""
"DLC2SkaalBlacksmith",""
"DLC2SkaalDialogueFaction","Skaal Village Citizen Faction"
"DLC2SkaalMerchant",""
"DLC2SkaalShamanFaction","Skaal Shaman"
"DLC2SkaalVillageCitizenFaction","Skaal Village Citizen Faction"
"DLC2StaffMakerFaction","Staff Maker Faction"
"DLC2SummonedAshGuardianFaction","Summoned Ash Guardian Faction"
"DLC2SV01TombFaction",""
"DLC2SV02ThalmorCrimeFaction",""
"DLC2SVBaldorIronShapersHouseFaction","Skaal Village Oslaf's House Faction"
"DLC2SVDeorWoodcuttersHouseFaction","Skaal Village Deor Woodcutter's House Faction"
"DLC2SVEdlasHouseFaction","Skaal Village Oslaf's House Faction"
"DLC2SVGreathallFaction","Skaal Village Oslaf's House Faction"
"DLC2SVMorwensBedFaction","Skaal Village Oslaf's House Faction"
"DLC2SVMorwensHouseFaction","Skaal Village Oslaf's House Faction"
"DLC2SVOslafsHouseFaction","Skaal Village Oslaf's House Faction"
"DLC2SVWulfWildbloodsHouseFaction","Skaal Village Oslaf's House Faction"
"DLC2TamedDragonTrackingFaction",""
"DLC2TameDragonFaction",""
"DLC2TelMithrynFaction","Tel Mithryn Faction"
"DLC2ThirskNordCrimeFaction",""
"DLC2ThirskNordFaction",""
"DLC2ThirskRieklingFaction",""
"DLC2TribalWerebearFaction",""
"DLC2TTF1AshGuardianFriendFaction",""
"DLC2WaterStoneSailors",""
"DLC2WyrmFaction",""
"DLC2WyrmFaction",""
"DogFaction","Dog Faction"
"DoorStayLockedFaction","put on doors to keep NPCs from opening"
"DragonBleedoutFaction","Special Dialogue Friendly Bleedout"
"DragonBridgeFourShieldsInnFaction",""
"DragonBridgeHorgeirHouse","Horgeir's House Occupants"
"DragonBridgeLumberCampFaction","Horgeir's House Occupants"
"DragonBridgeLylvieveHouseFaction","Lylvieve Family House Occupants"
"DragonFaction",""
"DragonFaction","Dragon Faction"
"DragonPriestFaction",""
"DragonPriestFaction","Dragon Priest Faction"
"DragonsreachBasementGuards",""
"DragonsreachKidsBed",""
"DragonsreachOccupants",""
"DraugrAllyFaction","Draugr Ally Faction"
"DraugrFaction",""
"DraugrFaction","Draugr Faction"
"DremoraFaction","Dremora Faction"
"DremoraFaction","Dremora Faction"
"DruadachRedoubtFaction",""
"DruadachRedoubtFaction",""
"DummyFaction","Dummy Faction"
"DunAlftandSullaHostileFaction",""
"DunAlftandUmanaHostileFaction",""
"DunAnsilvundBanditFaction",""
"DunAnsilvundDraugrFaction","Draugr Faction"
"DunAnsilvundLuahFaction",""
"DunAnsilvundSpecialDraugrFaction","Draugr Faction"
"dunBlackreachFalmerServantFaction",""
"dunBlackreachFalmerServantFaction","Falmer Servant"
"dunBloatedMan_SindingFaction","Sinding"
"dunBluePalaceEnemyFaction","Dog Faction"
"dunBluePalaceFaction","Dog Faction"
"dunBluePalacePelagiusArenaFaction","Pelagius Arena Faction"
"dunDawnstarSanctuaryCiceroFaction","Dawnstar Guardian Faction"
"dunDawnstarSanctuaryGuardianFaction","Dawnstar Guardian Faction"
"dunDeadMensRespiteBardFaction",""
"dunEldergleamFaction",""
"dunFaldarsToothDogAttackFaction",""
"dunFellglow_PrisonerFaction","Fellglow Prisoner Faction"
"dunFellglow_WarlockPrisonerAllyFaction","Fellglow Prisoner Faction"
"dunFolgunthurMikrulFaction",""
"dunFolgunthurThrallFaction",""
"dunForelhostGhostFaction",""
"dunForelhostGrifterNeutral",""
"dunForelhostGrifterUnfriendly",""
"dunForelhostSoldierNeutral",""
"dunForelhostSoldierUnfriendly",""
"dunFrostmereCryptEisaFaction",""
"dunFrostmereCryptPaleLadyFaction",""
"dunFrostmereCryptRajirrFaction",""
"dunHarmugstahlFactionSpiderDocile",""
"dunHarmugstahlFactionSpiderNormal",""
"dunHarmugstahlFactionWarlock",""
"dunHarmugstahlFactionWarlockAttackedbySpiders",""
"dunHonningbrewMeaderyCreatureFaction",""
"dunIcerunnerBanditFaction","Markarth Wizards' Quarters Guards"
"dunIronbindAdventurerFaction","Adventurers"
"dunKilkreathFaction",""
"dunLinweFaction",""
"dunLostKnifeCatFaction",""
"dunMarkarthWizard_SecureAreaFaction",""
"dunMarkarthWizard_SpiderFaction",""
"dunMistwatchFaction",""
"dunMistwatchFactionAlly",""
"dunMistwatchFjolaFaction",""
"dunMossMotherValdrFaction",""
"dunNilheimFaction","Nilheim Faction"
"DunPlayerAllyFaction",""
"DunPlayerAllyFaction","Facción de aliado jugador"
"DunPlayerAllyFaction","Player Ally Faction"
"dunPOIWitchAniseCrimeFaction","Crime Faction so crimes against created actors are registered"
"dunPrisonerFaction","Prisoners Faction"
"DunRannveigsFastGhostFaction",""
"dunRavenscarFaction","dunRavenscarFaction"
"dunRobbersGorgeBanditFaction","Robber's Gorge Bandit Faction"
"dunSkuldafnDragonFaction","Draugr Faction"
"dunTalkingStoneFaction","Giant Faction"
"dunTrevasWatchFaction",""
"dunUstengravDraugrFaction",""
"dunValtheimKeepBanditFaction",""
"dunValthumeBossFaction",""
"dunWhiteRiverWatchWolfFaction","White River Prisoner Faction"
"dunYngvildFaction",""
"dunYsgramorsTombGhostFaction","The Faction For Ghosts"
"DwarvenAutomatonFaction","Dwarven Automaton Faction"
"FalkreathCorpselightFarmFaction",""
"FalkreathDeadMansDrinkFaction",""
"FalkreathDengeirsHallFaction",""
"FalkreathGraveConcoctionsFaction",""
"FalkreathGrayPineGoodsFaction",""
"FalkreathHouseofArkayFaction",""
"FalkreathJarlOwnershipFaction",""
"FalkreathJarlsLonghouseFaction",""
"FalkreathLodsHouseFaction",""
"FalmerFaction","Falmer"
"FarmAnimalsFaction",""
"FarmAnimalsFaction","FarmAnimalsFaction"
"Favor001QuestGiverFaction",""
"Favor013QuestGiverFaction",""
"Favor017QuestGiverFaction",""
"Favor018QuestGiverFaction",""
"Favor019QuestGiverFaction",""
"Favor104QuestGiverFaction",""
"Favor109QuestGiverFaction",""
"Favor110QuestGiverFaction",""
"Favor151QuestGiverFaction",""
"Favor153QuestGiverFaction",""
"Favor154QuestGiverFaction",""
"Favor157QuestGiverFaction",""
"Favor158QuestGiverFaction",""
"Favor204QuestGiverFaction",""
"Favor205QuestGiverFaction",""
"Favor250QuestGiverFaction",""
"Favor252QuestGiverFaction",""
"Favor253QuestGiverFaction",""
"Favor254QuestGiverFaction",""
"Favor255QuestGiverFaction",""
"Favor256QuestGiverFaction",""
"Favor257QuestGiverFaction",""
"Favor258QuestGiverFaction",""
"FavorAllowBribeFaction",""
"FavorAllowIntimidateFaction",""
"FavorCompletedFaction",""
"FavorExcludedFaction",""
"FavorJobsBeggarsFaction",""
"FavorJobsChopWoodFaction",""
"FavorJobsDrunksFaction",""
"FavorJobsGatherWheatFaction",""
"FavorJobsMineOreFaction",""
"FishermanFaction","Fisherman Faction"
"ForceFullBodyStagger",""
"ForswornDogFaction","Forsworn Dog Faction"
"ForswornFaction",""
"ForswornFaction","Forsworn Faction"
"FoxFaction","Wolf Faction"
"FrostRiverFarmFaction","Frost River Farm Faction"
"ghostFaction","The Faction For Ghosts"
"GiantFaction","Giant Faction"
"GoatFaction",""
"GoatFaction","Goat Faction"
"GovExiled","Exiled Government"
"GovImperial","Imperial Government"
"GovRuling","Ruling Government"
"GovSons","Sons of Skyrim Government"
"GreybeardFaction","Greybeards"
"GuardDialogueFaction","Guard Faction (for dialogue)"
"GuardFactionCidhnaMine",""
"GuardFactionDawnstar","Dialogue Faction for Dawnstar Guards"
"GuardFactionDragonbridge","Dialogue Faction for Falkreath Hold Guards"
"GuardFactionFalkreath","Dialogue Faction for Falkreath Hold Guards"
"GuardFactionHaafingar","Dialogue Faction for Haafingar Hold Guards"
"GuardFactionKarthwasten","Karthwasten Guard"
"GuardFactionKolskeggr","Kolskeggr Mine Guards"
"GuardFactionMarkarth","Markarth Guard"
"GuardFactionRiften","Dialogue Faction for Riften Guards"
"GuardFactionSolitude","Dialogue Faction for Falkreath Hold Guards"
"GuardFactionSoljund","Soljund's Sinkhole Guards"
"GuardFactionWhiterun","Whiterun Guard"
"GuardFactionWindhelm","Dialogue Faction for Wndhelm Guards"
"HagravenFaction","Hagraven Faction"
"HalfMoonMillFaction",""
"HareFaction","Prey Faction"
"HeartwoodMillHouseFaction","Heartwood Mill House Faction"
"HirelingBelrandCrimeFaction",""
"HirelingErikCrimeFaction",""
"HirelingJenassaCrimeFaction",""
"HirelingMarcurioCrimeFaction",""
"HirelingStenvarCrimeFaction",""
"HirelingVorstagCrimeFaction",""
"HlaaluFarmFaction","Hlaalu Farm Faction"
"HollyFrostFarmFaction","Hollyfrost Farm Faction"
"HonningbrewMeaderyFaction","Honningbrew Meadery"
"HonorhallKidsIgnoreCrimeFaction",""
"HonorhallKidsIgnoreCrimeFaction","Honorhall Orphanage Ignore Crime Faction"
"HorkerFaction","Horker Faction"
"HousecarlMarkarthCrimeFaction",""
"HousecarlRiftenCrimeFaction",""
"HousecarlSolitudeCrimeFaction",""
"HousecarlWhiterunCrimeFaction",""
"HousecarlWindhelmCrimeFaction",""
"HunterFaction",""
"HunterPreyFaction","Hunter Prey Faction"
"IceWraithFaction","Ice Wraith Faction"
"ImperialJusticiarFaction","Imperial Justiciar Faction"
"IsGuardFaction","GuardFaction (makes an actor a guard)"
"IvarsteadFellstarFarmFaction","Fellstar Farm Faction"
"IvarsteadKlimmekFaction",""
"IvarsteadKlimmekHouseFaction","Fellstar Farm Faction"
"IvarsteadTembaFaction",""
"IvarsteadVilemyrInnFaction","Vilemyr Inn Faction"
"JobAnimalTrainerFaction",""
"JobApothecaryFaction",""
"JobBardFaction",""
"JobBlacksmithFaction",""
"JobCarriageFaction",""
"JobCourtWizardFaction",""
"JobFarmerFaction",""
"JobFenceFaction","Fence"
"JobFletcherFaction",""
"JobGuardCaptainFaction",""
"JobHostlerFaction",""
"JobHousecarlFaction",""
"JobInnkeeperFaction",""
"JobInnServer","Server"
"JobJarlFaction",""
"JobJewelerFaction","Jeweler"
"JobJusticiar",""
"JobLumberjackFaction",""
"JobMerchantFaction",""
"JobMinerFaction",""
"JobMiscFaction",""
"JobOrcChiefFaction",""
"JobOrcWiseWomanFaction",""
"JobPriestFaction",""
"JobRentRoomFaction",""
"JobSpellFaction",""
"JobStewardFaction",""
"JobStreetVendorFaction","Street Vendor"
"JobTailorFaction","Tailor"
"JobTrainerAlchemyFaction","Alchemy Trainer"
"JobTrainerAlterationFaction","Alteration Trainer"
"JobTrainerBlockFaction","Block Trainer"
"JobTrainerConjurationFaction","Conjuration Trainer"
"JobTrainerDestructionFaction","Destruction Trainer"
"JobTrainerEnchantingFaction","Enchanting Trainer"
"JobTrainerFaction","Skill Trainer"
"JobTrainerHeavyArmorFaction","Heavy Armor Trainer"
"JobTrainerIllusionFaction","Illusion Trainer"
"JobTrainerLightArmorFaction","Light Armor Trainer"
"JobTrainerLockpickingFaction","Lockpicking Trainer"
"JobTrainerMarksmanFaction","Marksman Trainer"
"JobTrainerOneHandedFaction","One-Handed Trainer"
"JobTrainerPickpocketFaction","Pickpocket Trainer"
"JobTrainerRestorationFaction","Restoration Trainer"
"JobTrainerSmithingFaction","Smithing Trainer"
"JobTrainerSneakFaction","Sneak Trainer"
"JobTrainerSpeechcraftFaction","Speechcraft Trainer"
"JobTrainerTwoHandedFaction","Two-Handed Trainer"
"KarthwastenAinethachHouse",""
"KarthwastenEnmonsHouseFaction",""
"KarthwastenMinersBarracksFaction",""
"KarthwastenPlayerEnemyFaction",""
"KarthwastenSilverFishGuards",""
"KhajiitCaravanFaction",""
"KhajiitCaravanFaction",""
"KolskeggrGatFaction",""
"KolskeggrPavoFaction",""
"KynesgroveBraidwoodInnkeeperFaction",""
"KynesgroveDravyneaFaction",""
"KynesgroveUrielSistersFaction",""
"KynesPeaceFaction",""
"KynesPeaceFaction","Kyne's Peace"
"LeftHandDaighresHouseFaction",""
"LeftHandMinersBarracksFaction",""
"LeftHandMineSkaggisHouseFaction",""
"MagicAllegianceFaction","Allegiance Faction"
"MagicCharmFaction","Charm Faction"
"MammothFaction","Mammoth Faction"
"MarkarthAbandonedHouseFaction",""
"MarkarthArnleifandSonsFaction",""
"MarkarthCastleBlacksmithFaction",""
"MarkarthCastleServantsFaction",""
"MarkarthCosnachFaction",""
"MarkarthDibellaInnerSanctumFaction",""
"MarkarthDoubterFaction",""
"MarkarthEndonsHouseFaction",""
"MarkarthGhorzaFaction",""
"MarkarthHagsCureFaction",""
"MarkarthHallofDeadFaction",""
"MarkarthHousecarlOwnershipFaction",""
"MarkarthJarlOwnershipFaction",""
"MarkarthKeepFaction",""
"MarkarthKlepprFrabbiFaction",""
"MarkarthMuiriFaction",""
"MarkarthNaiveFaction",""
"MarkarthNeposHouseFaction",""
"MarkarthOmluagFaction",""
"MarkarthSilverBloodInnFaction",""
"MarkarthSilverBloodInnWorkerFaction",""
"MarkarthSilverBloodPatronFaction",""
"MarkarthSmelterWorkersFaction",""
"MarkarthStablesFaction",""
"MarkarthStewardOwnershipFaction",""
"MarkarthTempleofDibellaFaction",""
"MarkarthThalmorFaction",""
"MarkarthThonarBetridFaction",""
"MarkarthTreasuryHouseFaction",""
"MarkarthWarrensEltrysFaction",""
"MarkarthWarrensTenantsFaction",""
"MarkarthWizardFaction",""
"MarriageAskedFaction",""
"MarriageCourtingFaction",""
"MarriageExcludedFaction","NPCs the Player cannot marry"
"MarriageLoveInterestWitnessFaction",""
"MarriageRivalAttackFaction",""
"MarriageWitnessFaction",""
"MerryfairFarmHouseFaction","Merryfair Farm House Faction"
"MG02BossNonCombatFaction",""
"MG02MinerFaction",""
"MG03CallerFaction","MG03 Caller Faction"
"MG03OrthornFaction","Orthorn's Faction"
"MG05CreatureFaction",""
"MGEntryFaction","College Entry Faction"
"MGRitual04GhostFaction","Restoration Ritual Ghost Faction"
"MGRitualDremoraFaction",""
"MGThalmorFaction","Thalmor Splinter Faction"
"MixwaterMillGilfreHouseFaction",""
"MorthalAlvasHouseFaction",""
"MorthalFalionsHouseFaction",""
"MorthalGuardhouseFaction",""
"MorthalJarlFaction",""
"MorthalJorgensHouseFaction",""
"MorthalLonghouseFaction","Morthal Longhouse Faction (Both Sides)"
"MorthalThonnirsHouseFaction",""
"MQ101AlduinFaction","used for combat"
"MQ101CaptiveFaction","friends to both sides in MQ101"
"MQ101ImperialDialogueFaction",""
"MQ101ImperialFaction",""
"MQ101LokirEnemyFaction",""
"MQ101LokirFaction",""
"MQ101PlayerFriendFaction",""
"MQ101SoldierFaction","used for combat"
"MQ101StormcloakDialogueFaction",""
"MQ101StormcloakFaction",""
"MQ101TemporaryAlduinFaction","anyone in this won't fight with mq101 alduin"
"MQ101TemporaryFriendsFaction","anyone in this are friends"
"MQ102ChatterFaction",""
"MQ103ImperialSoldierFaction","MQ103ImperialSoldierFaction"
"MQ103SonsOfSkyrimSoldierFaction","MQ103SonsOfSkyrimSoldierFaction"
"MQ103TemporaryFriendsFaction",""
"MQ104DragonFaction","MQ104DragonFaction"
"MQ104SoldierFaction","MQ104SoldierFaction"
"MQ104SonsFaction","dialogue faction"
"MQ201ExteriorGuardFaction","faction for guards in front"
"MQ201FriendDistractionDoneFaction",""
"MQ201MalbornAssassinFaction",""
"MQ201PartyGuardFaction","faction for party guards"
"MQ201PartyGuestFaction","faction for party guests"
"MQ201PartyGuestHappy",""
"MQ201PartyGuestUnhappy",""
"MQ201PartyLoadDoorFaction","for the NPCs who can use the load door"
"MQ201ThalmorCombatFaction","MQ201 Thalmor Faction"
"MQ201ThalmorEnemyFaction",""
"MQ201ThalmorFooledFaction","Thalmor - Fooled by PC disguise"
"MQ202EnemyofPlayerFaction",""
"MQ202ThalmorAgentFaction",""
"MQ206AlduinFaction",""
"MQ206AncientAlduinFaction",""
"MQ206PastFaction",""
"MQ301CombatFaction",""
"MQ301SoldierDialogueFaction",""
"MQ302CouncilFaction",""
"MQ302CouncilFaction","Great Council Faction"
"MQ304AlduinFaction",""
"MQ304LostSoulFaction",""
"MQ304SovngardeHeroFaction",""
"MQ306TemporaryFriendsFaction",""
"MQAncientHeroFaction",""
"MQBladesSparringFaction",""
"MQGreybeardTrainingFaction",""
"MQKillDragonFaction","Put dragon here when player absorbs power"
"MQMalbornFaction",""
"MQNoDragonAbsorb","Dragons in this faction will ignore death sequence"
"MQSovngardeCombatDialogueFaction","Override normal combat dialogue"
"MQSovngardeSparringFaction",""
"MQWindhelmPalaceAvoidFaction","faction for NPCs who should stay out of palace"
"MS01ConspiracyCombatFaction",""
"MS01IntroVictim",""
"MS01PlayerEnemyFaction",""
"MS01TreasuryHouseEnemy",""
"MS01TreasuryHouseForsworn",""
"MS01WeylinBeserk",""
"MS01WeylinKillMargretFaction",""
"MS02CidhnaMineCombatFaction",""
"MS02CidhnaMineEnemyFaction",""
"MS02ForswornFaction",""
"MS02GrisvarEnemyFaction",""
"MS02VictimsFaction",""
"MS03ChaletGuardEnemyFaction",""
"MS03ChaletOwnershipFaction",""
"MS03ChaletOwnershipFaction",""
"MS03HorseFaction",""
"MS04BlackMarshFaction","Agents of the Black Marsh"
"MS04FDFFaction",""
"MS06CultistFaction",""
"MS06CultistSceneFaction",""
"MS06PotemaFaction",""
"MS07BanditFaction",""
"MS07BanditSiblings","Broken Oar Bandits"
"MS08AlikrBaseFaction",""
"MS08AlikrFaction",""
"MS08KematuFaction",""
"MS08SaadiaFaction","MS08 Saadia Faction"
"MS09NorthwatchFaction",""
"MS09NorthwatchPrisonerFaction",""
"MS09PlayerAllyFaction",""
"MS10BloodHorkerFaction",""
"MS14AlvaAndHroggar",""
"NecromancerFaction",""
"NecromancerFaction",""
"NightgateInnFaction",""
"NotIsCasualIdles","Faction for not using casual idles"
"OdahviingFaction",""
"OldHroldanHangedManInnFaction",""
"OrcFriendFaction","Blood-Kin of the Orcs"
"OrcFriendFaction","Hermandad de los orcos"
"OrcGuardFaction",""
"PaarthurnaxFaction",""
"PelagiaFarmFaction",""
"PenitusOculatusFaction","Penitus Oculatus Faction"
"PetFramework_PetFaction",""
"PetFramework_PetFollowingFaction",""
"PlayerBedOwnership",""
"PlayerFaction",""
"PlayerFollowerFaction",""
"PlayerHorseFaction",""
"PlayerHorseFaction","Player Horse Faction"
"PlayerHousecarlFaction",""
"PlayerMarriedFaction",""
"PlayerMarriedFaction",""
"PlayerPotentialAnimalFaction",""
"PlayerWerewolfFaction",""
"PlayerWerewolfFaction",""
"POIVolcanicHunterFaction",""
"PotentialFollowerFaction",""
"PotentialHireling","Hireling"
"PotentialMarriageFaction",""
"PredatorFaction","Facción de depredador"
"PredatorFaction","Predator Faction"
"PredatorFriendFaction","Friends with PredatorFaction"
"PreyFaction","Prey Faction"
"ProtectedFaction","Faction for protected actors"
"RadiantQuestFaction","Make dungeon creatures not attack me"
"RiftenBalimundFaction",""
"RiftenBeeandBarbFaction","Riften Bee and Barb Faction"
"RiftenBlackBriarHouseFaction","Riften Black Briar House Faction"
"RiftenBlackBriarMeaderyFaction","Black Briar Meadery Faction"
"RiftenBolliHouseFaction","Riften Bolli House Faction"
"RiftenBunkhouseMarkerRestrictFaction",""
"RiftenElgrimsElixirsFaction","Riften Elgrim's Elixirs Faction"
"RiftenEsbernVaultFaction","all friends in here"
"RiftenFisheryFaction","Riften Fishery Faction"
"RiftenHaelgasBunkhouseFaction","Riften Haelga's Bunkhouse Faction"
"RiftenHonorhallOrphanageFaction","Riften Honorhall Orphanage Faction"
"RiftenIngunFaction",""
"RiftenMistveilKeepFaction","Mistveil Keep Faction"
"RiftenMjollFaction",""
"RiftenMjollHouseFaction","Riften Hosue of Mjoll the Lioness Faction"
"RiftenPawnedPrawnFaction","Riften Pawned Prawn Faction"
"RiftenRaggedFlagonFaction","Riften Ragged Flagon Faction"
"RiftenRatwayFactionEnemy","Riften Ratway Faction Enemy"
"RiftenRatwayFactionNeutral","Riften Ratway Faction Neutral"
"RiftenRomlynFaction",""
"RiftenSkoomaDealerFactionEnemy","Skooma Dealer"
"RiftenSkoomaDealerFactionFriend","Skooma Dealer"
"RiftenSnowShodHouseFaction","Riften House of Clan Snow-Shod Faction"
"RiftenStablesFaction","Riften Stables Faction"
"RiftenTempleofMaraFaction","Riften Temple of Mara Faction"
"RiftenTGHeadquartersFaction","Riften Thieves Guild Headquarters Faction"
"RiftenTheScorchedHammerFaction","Riften The Scorched Hammer Faction"
"RiverwoodAlvorsHouseFaction","Riverwood Alvors House Faction"
"RiverwoodCamillaFaction",""
"RiverwoodFaendalsHouseFaction","Riverwood Faendals House Faction"
"RiverwoodGerdursHouseFaction","Riverwood Gerdurs House Faction"
"RiverwoodPatrolFaction","Riverwood Patrol"
"RiverwoodRiverwoodTraderFaction","Riverwood Trader Faction"
"RiverwoodSleepingGiantInnFaction","Riverwood Sleeping Giant Inn Faction"
"RiverwoodSvensHouseFaction","Riverwood Svens House Faction"
"RoriksteadCowflopFarmFaction","Cowflop Farm Faction"
"RoriksteadFrostfruitInnFaction","Rorikstead Frostfruit Inn Faction"
"RoriksteadLemkilsFarmFaction","Rorikstead Manor Faction"
"RoriksteadManorFaction","Rorikstead Manor Faction"
"SabreCatFaction","Sabre Cat Faction"
"SailorFaction",""
"SalvianusFaction",""
"SarethiAvrusaFaction",""
"SarethiFarmHouseFaction","Sarethi Farm House Faction"
"ServicesDawnstarCourtWizard",""
"ServicesDawnstarRustleifSmithy",""
"ServicesDawnstarUsefulThingsApothecary",""
"ServicesDawnstarWindpeakInn",""
"ServicesDBBabette","Babette's Dark Brotherhood Services"
"ServicesDragonBrideFourShieldsInn","Sleeping Giant Services"
"ServicesDushnikhYalBlacksmith",""
"ServicesDushnikYalWiseWoman",""
"ServicesFalkreathBlacksmith",""
"ServicesFalkreathDeadMansDrinkInn","Dead Mans Drink"
"ServicesFalkreathGraveConcoctions",""
"ServicesFalkreathGrayPineGoods","Gray Pine Goods"
"ServicesHonningbrewMeadery",""
"ServicesHonningbrewMeaderyPost",""
"ServicesIvarsteadVilemyrInn",""
"ServicesKynesgroveBraidwoodInn","Braidwood Inn Services"
"ServicesKynesgroveDravynea",""
"ServicesKynesgroveDravynea","Dravynea Services"
"ServicesLargashburAtub",""
"ServicesLargashburAtub",""
"ServicesMarkarthArnleifandSons",""
"ServicesMarkarthArnleifandSons",""
"ServicesMarkarthBlacksmith",""
"ServicesMarkarthCastleBlacksmith",""
"ServicesMarkarthCastleCook",""
"ServicesMarkarthCastleWizard",""
"ServicesMarkarthFoodMerchant",""
"ServicesMarkarthHagsCure",""
"ServicesMarkarthJewelryVendor",""
"ServicesMarkarthSilverFishInn",""
"ServicesMorKhazgurBlacksmith",""
"ServicesMorKhazgurWiseWoman",""
"ServicesMorthalFalion","Moorside Inn Services"
"ServicesMorthalJonna","Moorside Inn Services"
"ServicesMorthalLami","Lami Services"
"ServicesMS13RiverwoodRiverwoodTrader","Riverwood Trader Services"
"ServicesNarzulburBolar","Bolar Services"
"ServicesNarzulburDushnamub","Dushnamub Services"
"ServicesNightGateInn","Bannered Mare Services"
"ServicesOldHroldanHangedManInn",""
"ServicesRiftenBeeandBarb",""
"ServicesRiftenBeeandBarbTalenJeiExtra",""
"ServicesRiftenBlackBriarMeadery",""
"ServicesRiftenBlackBriarMeadery",""
"ServicesRiftenElgrimsElixirs",""
"ServicesRiftenPawnedPrawn",""
"ServicesRiftenPlazaBrandish",""
"ServicesRiftenPlazaGrelka",""
"ServicesRiftenPlazaMadesi",""
"ServicesRiftenPlazaMadesi",""
"ServicesRiftenPlazaMarise",""
"ServicesRiftenPlazaMarise",""
"ServicesRiftenRaggedFlagon",""
"ServicesRiftenTheScorchedHammer","Riften The Scorched Hammer Services"
"ServicesRiftenWylandriahVendor","Riften Wylandriah Vendor Services"
"ServicesRiverwoodAlvor","Alvor Services"
"ServicesRiverwoodRiverwoodTrader","Riverwood Trader Services"
"ServicesRiverwoodSleepingGiantInn","Sleeping Giant Services"
"ServicesRoriksteadMralkiFaction",""
"ServicesShorsStoneFilnjar","Shor's Stone Filnjar Services"
"ServicesSolitudeAngelinesAromatics","Angeline's Aromatics Services"
"ServicesSolitudeBitsAndPieces","Bits and Pieces"
"ServicesSolitudeBlacksmith",""
"ServicesSolitudeEastEmpireCompany",""
"ServicesSolitudeEastEmpireCompany","East Empire Company"
"ServicesSolitudeFishAddvar","Fish vendor"
"ServicesSolitudeFletcher","Fletcher"
"ServicesSolitudeFruitEvette","Solitude Evette services"
"ServicesSolitudeFruitJala","Fruit vendor"
"ServicesSolitudeRadiantRaiments","Radiant Raiments"
"ServicesSolitudeStables","Solutide stables"
"ServicesSolitudeSybilleStentor","Sybille Stentor"
"ServicesSolitudeWinkingSkeeverInn","Winking Skeever Inn"
"ServicesSpouseCCHouse01Apothecary",""
"ServicesSpouseCCHouse01Apothecary",""
"ServicesSpouseCCHouse01Blacksmith",""
"ServicesSpouseCCHouse01Blacksmith",""
"ServicesSpouseCCHouse01Innkeeper",""
"ServicesSpouseCCHouse01Innkeeper",""
"ServicesSpouseCCHouse01MiscVendor",""
"ServicesSpouseCCHouse01MiscVendor",""
"ServicesSpouseCCHouse01Spells",""
"ServicesSpouseCCHouse01Spells",""
"ServicesSpouseCCHouse02Apothecary",""
"ServicesSpouseCCHouse02Apothecary",""
"ServicesSpouseCCHouse02Blacksmith",""
"ServicesSpouseCCHouse02Blacksmith",""
"ServicesSpouseCCHouse02Innkeeper",""
"ServicesSpouseCCHouse02Innkeeper",""
"ServicesSpouseCCHouse02MiscVendor",""
"ServicesSpouseCCHouse02MiscVendor",""
"ServicesSpouseCCHouse02Spells",""
"ServicesSpouseCCHouse02Spells",""
"ServicesSpouseCCHouse03Apothecary",""
"ServicesSpouseCCHouse03Apothecary",""
"ServicesSpouseCCHouse03Blacksmith",""
"ServicesSpouseCCHouse03Blacksmith",""
"ServicesSpouseCCHouse03Innkeeper",""
"ServicesSpouseCCHouse03Innkeeper",""
"ServicesSpouseCCHouse03MiscVendor",""
"ServicesSpouseCCHouse03MiscVendor",""
"ServicesSpouseCCHouse03Spells",""
"ServicesSpouseCCHouse03Spells",""
"ServicesSpouseCCHouse04Apothecary",""
"ServicesSpouseCCHouse04Apothecary",""
"ServicesSpouseCCHouse04Blacksmith",""
"ServicesSpouseCCHouse04Blacksmith",""
"ServicesSpouseCCHouse04Innkeeper",""
"ServicesSpouseCCHouse04Innkeeper",""
"ServicesSpouseCCHouse04MiscVendor",""
"ServicesSpouseCCHouse04MiscVendor",""
"ServicesSpouseCCHouse04Spells",""
"ServicesSpouseCCHouse04Spells",""
"ServicesSpouseCCHouse05Apothecary",""
"ServicesSpouseCCHouse05Apothecary",""
"ServicesSpouseCCHouse05Blacksmith",""
"ServicesSpouseCCHouse05Blacksmith",""
"ServicesSpouseCCHouse05Innkeeper",""
"ServicesSpouseCCHouse05Innkeeper",""
"ServicesSpouseCCHouse05MiscVendor",""
"ServicesSpouseCCHouse05MiscVendor",""
"ServicesSpouseCCHouse05Spells",""
"ServicesSpouseCCHouse05Spells",""
"ServicesSpouseCCHouse06Apothecary",""
"ServicesSpouseCCHouse06Apothecary",""
"ServicesSpouseCCHouse06Blacksmith",""
"ServicesSpouseCCHouse06Blacksmith",""
"ServicesSpouseCCHouse06Innkeeper",""
"ServicesSpouseCCHouse06Innkeeper",""
"ServicesSpouseCCHouse06MiscVendor",""
"ServicesSpouseCCHouse06MiscVendor",""
"ServicesSpouseCCHouse06Spells",""
"ServicesSpouseCCHouse06Spells",""
"ServicesSpouseCCHouse07Apothecary",""
"ServicesSpouseCCHouse07Apothecary",""
"ServicesSpouseCCHouse07Blacksmith",""
"ServicesSpouseCCHouse07Blacksmith",""
"ServicesSpouseCCHouse07Innkeeper",""
"ServicesSpouseCCHouse07Innkeeper",""
"ServicesSpouseCCHouse07MiscVendor",""
"ServicesSpouseCCHouse07MiscVendor",""
"ServicesSpouseCCHouse07Spells",""
"ServicesSpouseCCHouse07Spells",""
"ServicesSpouseCCHouse08Apothecary",""
"ServicesSpouseCCHouse08Apothecary",""
"ServicesSpouseCCHouse08Blacksmith",""
"ServicesSpouseCCHouse08Blacksmith",""
"ServicesSpouseCCHouse08Innkeeper",""
"ServicesSpouseCCHouse08Innkeeper",""
"ServicesSpouseCCHouse08MiscVendor",""
"ServicesSpouseCCHouse08MiscVendor",""
"ServicesSpouseCCHouse08Spells",""
"ServicesSpouseCCHouse08Spells",""
"ServicesSpouseCCHouse09Apothecary",""
"ServicesSpouseCCHouse09Blacksmith",""
"ServicesSpouseCCHouse09Innkeeper",""
"ServicesSpouseCCHouse09MiscVendor",""
"ServicesSpouseCCHouse09Spells",""
"ServicesSpouseCCHouse10Apothecary",""
"ServicesSpouseCCHouse10Apothecary",""
"ServicesSpouseCCHouse10Blacksmith",""
"ServicesSpouseCCHouse10Blacksmith",""
"ServicesSpouseCCHouse10Innkeeper",""
"ServicesSpouseCCHouse10Innkeeper",""
"ServicesSpouseCCHouse10MiscVendor",""
"ServicesSpouseCCHouse10MiscVendor",""
"ServicesSpouseCCHouse10Spells",""
"ServicesSpouseCCHouse10Spells",""
"ServicesSpouseCCHouse11Apothecary",""
"ServicesSpouseCCHouse11Blacksmith",""
"ServicesSpouseCCHouse11Innkeeper",""
"ServicesSpouseCCHouse11MiscVendor",""
"ServicesSpouseCCHouse11Spells",""
"ServicesSpouseCCHouse12Apothecary",""
"ServicesSpouseCCHouse12Blacksmith",""
"ServicesSpouseCCHouse12Innkeeper",""
"ServicesSpouseCCHouse12MiscVendor",""
"ServicesSpouseCCHouse12Spells",""
"ServicesSpouseCCHouse13Apothecary",""
"ServicesSpouseCCHouse13Blacksmith",""
"ServicesSpouseCCHouse13Innkeeper",""
"ServicesSpouseCCHouse13MiscVendor",""
"ServicesSpouseCCHouse13Spells",""
"ServicesSpouseCCHouse14Apothecary",""
"ServicesSpouseCCHouse14Blacksmith",""
"ServicesSpouseCCHouse14Innkeeper",""
"ServicesSpouseCCHouse14MiscVendor",""
"ServicesSpouseCCHouse14Spells",""
"ServicesSpouseCCHouse15Apothecary",""
"ServicesSpouseCCHouse15Blacksmith",""
"ServicesSpouseCCHouse15Innkeeper",""
"ServicesSpouseCCHouse15MiscVendor",""
"ServicesSpouseCCHouse15Spells",""
"ServicesSpouseCCHouse16Apothecary",""
"ServicesSpouseCCHouse16Blacksmith",""
"ServicesSpouseCCHouse16Innkeeper",""
"ServicesSpouseCCHouse16MiscVendor",""
"ServicesSpouseCCHouse16Spells",""
"ServicesSpouseCCHouse17Apothecary",""
"ServicesSpouseCCHouse17Blacksmith",""
"ServicesSpouseCCHouse17Innkeeper",""
"ServicesSpouseCCHouse17MiscVendor",""
"ServicesSpouseCCHouse17Spells",""
"ServicesSpouseCCHouse18Apothecary",""
"ServicesSpouseCCHouse18Blacksmith",""
"ServicesSpouseCCHouse18Innkeeper",""
"ServicesSpouseCCHouse18MiscVendor",""
"ServicesSpouseCCHouse18Spells",""
"ServicesSpouseCCHouse19Apothecary",""
"ServicesSpouseCCHouse19Blacksmith",""
"ServicesSpouseCCHouse19Innkeeper",""
"ServicesSpouseCCHouse19MiscVendor",""
"ServicesSpouseCCHouse19Spells",""
"ServicesSpouseCCHouse20Apothecary",""
"ServicesSpouseCCHouse20Blacksmith",""
"ServicesSpouseCCHouse20Innkeeper",""
"ServicesSpouseCCHouse20MiscVendor",""
"ServicesSpouseCCHouse20Spells",""
"ServicesSpouseMarkarthApothecary",""
"ServicesSpouseMarkarthApothecary",""
"ServicesSpouseMarkarthBlacksmith",""
"ServicesSpouseMarkarthInnkeeper",""
"ServicesSpouseMarkarthMiscVendor",""
"ServicesSpouseMarkarthSpells",""
"ServicesSpouseRiftenApothecary",""
"ServicesSpouseRiftenApothecary",""
"ServicesSpouseRiftenBlacksmith",""
"ServicesSpouseRiftenInnkeeper",""
"ServicesSpouseRiftenMiscVendor",""
"ServicesSpouseRiftenSpells",""
"ServicesSpouseSolitudeApothecary",""
"ServicesSpouseSolitudeApothecary",""
"ServicesSpouseSolitudeBlacksmith",""
"ServicesSpouseSolitudeInnkeeper",""
"ServicesSpouseSolitudeMiscVendor",""
"ServicesSpouseSolitudeSpells",""
"ServicesSpouseWhiterunApothecary",""
"ServicesSpouseWhiterunApothecary",""
"ServicesSpouseWhiterunBlacksmith",""
"ServicesSpouseWhiterunInnkeeper",""
"ServicesSpouseWhiterunMiscVendor",""
"ServicesSpouseWhiterunSpells",""
"ServicesSpouseWindhelmApothecary",""
"ServicesSpouseWindhelmApothecary",""
"ServicesSpouseWindhelmBlacksmith",""
"ServicesSpouseWindhelmInnkeeper",""
"ServicesSpouseWindhelmMiscVendor",""
"ServicesSpouseWindhelmSpells",""
"ServicesThievesGuildArnskar",""
"ServicesThievesGuildCaravanAtahba",""
"ServicesThievesGuildCaravanMajhad",""
"ServicesThievesGuildCaravanZaynabi",""
"ServicesThievesGuildEndon",""
"ServicesThievesGuildEnthir",""
"ServicesThievesGuildGulumEi",""
"ServicesThievesGuildHerluin",""
"ServicesThievesGuildMallus",""
"ServicesThievesGuildNiranye",""
"ServicesThievesGuildSyndus",""
"ServicesThievesGuildTonilia",""
"ServicesThievesGuildVanryth",""
"ServicesWhiterunAnoriath","Whiterun Services Faction - Anoriath"
"ServicesWhiterunArcadiasCauldtron",""
"ServicesWhiterunBanneredMare","Bannered Mare Services"
"ServicesWhiterunBelethorsGoods","Belethor's Goods"
"ServicesWhiterunCarlotta",""
"ServicesWhiterunDrunkenHuntsman","Whiterun Drunken Huntsman Vendor"
"ServicesWhiterunEorlund","Eorlund Gray-Mane"
"ServicesWhiterunFarengar","Farengar spell vendor"
"ServicesWhiterunFralia",""
"ServicesWhiterunWarmaidens","Warmaidens"
"ServicesWhiterunWarmaidensForge","Warmaidens"
"ServicesWindhelmAvalAtheron",""
"ServicesWindhelmAvalAtheron","Aval Atheron Services"
"ServicesWindhelmBlacksmith","Windhelm Blacksmith Services"
"ServicesWindhelmCandelhearthHall","Candlehearth Hall Services"
"ServicesWindhelmCornerclub",""
"ServicesWindhelmCornerclub","New Gnisis Cornerclub Services"
"ServicesWindhelmHillevi","Hillevi Cruel-Sea Services"
"ServicesWindhelmNiranye","Niranye Services"
"ServicesWindhelmNiranye","Niranye Services"
"ServicesWindhelmRevynSadri","Revyn Sadri Services"
"ServicesWindhelmStables","Windhelm Stable Services"
"ServicesWindhelmWhitePhial","White Phial Services"
"ServicesWindhelmWuunferth","Wuunferth Services"
"ServicesWinterholdBirna","Birna Services"
"ServicesWinterholdBirna","Birna Services"
"ServicesWinterholdCollegeColette","Colette Marence Services"
"ServicesWinterholdCollegeDrevis","Drevis Neloren Services"
"ServicesWinterholdCollegeEnthir",""
"ServicesWinterholdCollegeEnthir","Enthir Services"
"ServicesWinterholdCollegeFaralda","Faralda Services"
"ServicesWinterholdCollegePhinis","Phinis Gestor Services"
"ServicesWinterholdCollegeTolfdir","Tolfdir Services"
"ServicesWinterholdCollegeUrag","Urag gro-Shub Services"
"ServicesWinterholdFrozenHearth","The Frozen Hearth Services"
"ServicesWinterholdNelacar",""
"ShipsNorthwindFaction",""
"ShipsRedWaveFaction",""
"ShipsSeaSquallFaction",""
"ShorsStoneFilnjarsHouseFaction",""
"ShorsStoneOdfelFaction",""
"ShorsStoneOdfelHouseFaction","Shor's Stone Odfel's House Faction"
"ShorsStoneSylgjaFaction",""
"SilverHandFaction",""
"SilverHandFactionPacified",""
"SkeeverFaction","Skeever Faction"
"SkeletonFaction",""
"SkeletonFaction","Skeleton Faction"
"SlaughterfishFaction",""
"SlaughterfishFaction","Slaughterfish Faction"
"SnowShodFarmHouseFaction","Snow-Shod Farm House Faction"
"SolitudeAddvarsHouseFaction",""
"SolitudeAngelinesAromaticsFaction",""
"SolitudeBardsCollegeFaction",""
"SolitudeBitsAndPiecesFaction",""
"SolitudeBlacksmithFaction",""
"SolitudeBluePalaceFaction",""
"SolitudeBluePalaceServants",""
"SolitudeBrylingsHouseFaction",""
"SolitudeCastleDourFaction",""
"SolitudeErikursHouseFaction",""
"SolitudeEvetteSansHouseFaction",""
"SolitudeFletcherFaction",""
"SolitudeJalasHouseFaction",""
"SolitudeKatlasFarmFaction",""
"SolitudeLighthouseFaction",""
"SolitudeOctieveFaction",""
"SolitudeOpeningFaction","Allowed Faction for Execution Guard Package"
"SolitudeOpeningPrisonerFaction","Allowed Faction for Execution Guard Package"
"SolitudeRadiantRaimentsFaction",""
"SolitudeRedWaveFaction","Crew of the Red Wave"
"SolitudeSawmillFaction",""
"SolitudeStablesFaction",""
"SolitudeStyrrsHouseFaction",""
"SolitudeTempleoftheDivinesFaction",""
"SolitudeVittoriaVicciHouseFaction",""
"SolitudeWinkingSkeeverFaction",""
"SoulCairnFaction","Soul Cairn Faction"
"SoulCairnSoulFaction",""
"SoulCairnSoulFaction","Soul Cairn Faction"
"SoulCairnSpecialFaction","Soul Cairn Faction"
"SoulCairnSummonedBonemenFaction","Soul Cairn Faction"
"SpiderFaction","Spiders"
"SprigganFaction","Spriggan Faction"
"SprigganPredatorFaction","Spriggan Predator Faction"
"SprigganPreyFaction","Spriggan Prey Faction"
"StonehillsLonghouseFaction",""
"StonehillsSorlisHouseFaction",""
"T01EnmonFaction",""
"T01FjotraFaction",""
"T03HatePlayerFaction",""
"TG02AringothPlayerEnemyFaction","TG02 Aringoth Player Enemy Faction"
"TG02AringothPlayerNeutralFaction","TG02 Aringoth Player Neutral Faction"
"TG04BrinewaterGrottoFaction","Brinewater Faction"
"TG04EastEmpireFaction","East Empire Warehouse Faction"
"TG04EastEmpireFactionHostile","East Empire Warehouse Faction"
"TG04GulumEiPlayerFriendFaction","Gulum-Ei Player Friend Faction"
"TG07ValdFactionHatesPlayer","TG07 Vald Hates Player"
"TG08BMercerHatesPlayerFaction",""
"TG09NightingaleEnemyFaction","TG09 Nightingale Enemy Faction"
"TG09NightingaleNeutralFaction","TG09 Nightingale Enemy Faction"
"TGCrownGhostFaction",""
"TGCrownGhostFaction",""
"TGNoPickpocketFaction","Thieves Guild No Pickpocketing Faction"
"TGTQ04NiranyeAttacksFaction","TGTQ04 Niranye Attacks Faction"
"ThalmorFaction","Thalmor"
"ThievesGuildFaction","Thieves' Guild"
"TownAngasMillFaction",""
"TownBarleydarkFarmFaction","Barleydark Farm Faction"
"TownCidhnaMinePrisonerFaction",""
"TownDarkwaterCrossingFaction",""
"TownDawnstarFaction",""
"TownDragonBridgeFaction",""
"TownDushnikhYalFaction",""
"TownFalkreathFaction",""
"TownGoldenglowEstateFaction",""
"TownGoldenglowEstateFaction","Goldenglow Estate Faction"
"TownHalfMoonMillFaction",""
"TownHalfMoonMillFaction",""
"TownHeartwoodMillFaction","Heartwood Mill Faction"
"TownHelgenFaction",""
"TownIrontreeMillFaction",""
"TownIvarsteadFaction",""
"TownKarthwastenFaction",""
"TownKolskeggrMineFaction",""
"TownKynesgroveFaction",""
"TownLargashburFaction",""
"TownLeftHandMineFaction",""
"TownLoreiusFarmFaction",""
"TownMarkarthFaction",""
"TownMerryfairFarmFaction","Merryfair Farm Faction"
"TownMorKhazgurFaction",""
"TownMorthalFaction",""
"TownNarzulburFaction",""
"TownOldHroldanFaction",""
"TownRiftenFaction",""
"TownRiverwoodFaction",""
"TownRoriksteadFaction",""
"TownSalviusFarmFaction",""
"TownSarethiFarmFaction","Sarethi Farm Faction"
"TownShorsStoneFaction",""
"TownSnowShodFarmFaction","Snow-Shod Farm Faction"
"TownSolitudeFaction",""
"TownSoljundsSinkholeFaction",""
"TownStonehillsFaction",""
"TownWhiterunFaction",""
"TownWindhelmFaction",""
"TownWinterholdFaction",""
"TrollFaction","Troll Faction"
"TsunFaction",""
"UDGPVampireFriendFaction",""
"USKPCrimeFactionBlades",""
"USKPServicesLargashburGarakh",""
"USKPWinterholdJarlsLonghouseFaction",""
"VampireFaction",""
"VampireFaction",""
"VampireFaction",""
"VampirePCFaction","Vampire PC Faction"
"VampireThrallFaction",""
"VampireThrallFaction","Vampire Thrall"
"VampireThrallFaction","Vampire Thrall"
"VigilantOfStendarrFaction","Vigilant of Stendarr Faction"
"VignarBrillFaction",""
"WarlockAllyFaction","Warlock Ally Faction"
"WarlockFaction",""
"WE03EnemiesFaction",""
"WE03EnemiesFaction",""
"WE05OrcFaction",""
"WE05OrcFaction",""
"WE06BanditFaction",""
"WE06BanditFaction",""
"WE06PredatorFaction",""
"WE06PredatorFaction",""
"WE11MammothFaction",""
"WE11SabreCatFaction",""
"WE14DogFaction",""
"WE14SkeeverFaction",""
"WE15FlameAtronachFaction",""
"WE15FrostAtronachFaction",""
"WE16DeerFaction",""
"WE16HunterFaction",""
"WE19BanditFaction",""
"WE19BanditFaction",""
"WE20BanditFaction",""
"WE20BanditFaction",""
"WE20WarlockFaction",""
"WE20WarlockFaction",""
"WE25Enemies","Enemies"
"WE25Enemies","Enemigos"
"WEAdventurerHorseRiderFaction",""
"WEAggressiveAdventurerFaction",""
"WEBountyCollectorFaction","Bounty Collector"
"WEBountyCollectorFaction","Cazarrecompensas"
"WEBountyHunter","Bounty Hunter"
"WEBountyHunter","Cazarrecompensas"
"WEDA07DaetraFaction",""
"WEDA07JorgenFaction",""
"WEDL03Faction",""
"WEDL05Faction",""
"WEDL06LutreshFaction",""
"WEDL06ThugFaction",""
"WEDL06ThugFaction",""
"WEDL08Faction",""
"WEDL09GiantFaction",""
"WEDL09HunterFaction",""
"WEDL10LumberjackFaction",""
"WEDL10SprigganFaction",""
"WEEnemiesFactionA",""
"WEEnemiesFactionA",""
"WEEnemiesFactionB",""
"WEEnemiesFactionB",""
"WEFarmerFaction",""
"WEJS21HunterandDogFaction",""
"WEJS25EnemiesFaction",""
"WEJS25EnemiesFaction",""
"WEJSMerchantHorseFaction",""
"WEPlayerEnemy",""
"WEPlayerEnemy",""
"WEPlayerFriend",""
"WEPlayerFriend",""
"WEPrisonerFreedCombatCaptorFaction","Makes enemy of WEPrisonerFreedCombatPrisonerFaction"
"WEPrisonerFreedCombatPrisonerFaction","Makes enemy of WEPrisonerFreedCombatCaptorFaction"
"WEPrisonerFreedFaction","Player set prisoner free (used to conditionalize packages, etc.)"
"WerewolfFaction","Facción de hombre lobo"
"WerewolfFaction","Werewolf Faction"
"WERJ04ServicesFaction",""
"WERJ10EnemyFaction",""
"WERJ10EnemyFaction",""
"WERoad02BodyguardFaction",""
"WERoad02NobleFaction",""
"WERoad12HorsemanFaction",""
"WEServiceMiscMerchant",""
"WEServicesHunterFaction",""
"WEServicesHunterFaction",""
"WESpecialCombatFaction",""
"WESpecialCombatFaction",""
"WEThalmorDialogueFaction",""
"WEThalmorDialogueSuspiciousFaction","Makes them more suspicious in dialogue"
"WEThalmorDialogueWithPrisonerFaction","For dailogue when Thalmor have prisoner with them"
"WEThalmorFaction",""
"WEThalmorPlayerEnemyFaction","Makes them enemies of the player"
"WEUnaggressiveAdventurerFaction",""
"WEUnaggressiveAdventurerFaction",""
"WhistlingMineFaction","Whistling Mine Faction"
"WhiterunAmrensHouseFaction","Whiterun Amren's House Faction"
"WhiterunArcadiasCauldronFaction","Whiterun Arcadias's Cauldron Faction"
"WhiterunBanneredMareFaction",""
"WhiterunBanneredMareFaction","Whiterun Bannered Mare Faction"
"WhiterunBelethorsGoodsFaction",""
"WhiterunBelethorsGoodsFaction","Whiterun Belethor's General Goods Faction"
"WhiterunBreezhomeFaction","Whiterun Breezehome Faction"
"WhiterunCarlottaValentiasHouseFaction","Whiterun Carlotta Valentia's House Faction"
"WhiterunDragonsreachServants","Dragonsreach Servants"
"WhiterunDrunkenHuntsmanFaction",""
"WhiterunHeimskrsHouseFaction","Whiterun Heimskr's House Faction"
"WhiterunHouseBattleBornFaction","Whiterun House Battle-Born Faction"
"WhiterunHouseGrayManeFaction","Whiterun House Gray-Mane Faction"
"WhiterunJarlOwnershipFaction",""
"WhiterunMaidenLoomManorFaction","Whiterun Maiden-Loom Manor Faction"
"WhiterunMarketShoppers",""
"WhiterunOlavaTheFeeblesHouseFaction","Whiterun Olava the Feeble's House Faction"
"WhiterunSeverioPelagiasHouseFaction","Whiterun Severio Pelagia's House Faction"
"WhiterunStablesFaction","Whiterun Stables Faction"
"WhiterunTempleofKynarethFaction",""
"WhiterunUlfberthsHouseFaction","Whiterun Ulfberth's House Faction"
"WhiterunUthgerdsHouseFaction","Whiterun Uthgerd the Unbroken's House Faction"
"WhiterunWarmaidensFaction","Whiterun Warmaiden's Faction"
"WhiterunWintersandManorFaction","Whiterun Wintersand Manor Faction"
"WhiterunWounded",""
"WhiterunYsoldasHouseFaction","Whiterun Ysolda's House Faction"
"WIAdditem03ExclusionFaction",""
"WIAssaultedFaction","Player assaulted this NPC"
"WICorpseWontTriggerScenes","Actors dead bodies won't trigger World Interactions"
"WICraftItem02AdditionalEnchanterFaction",""
"WICrowdSpectator","Crowd Spectator"
"WIDragonKilledAbsorbedFaction","Rank 1 = Being Absorbed, 2 = Done"
"WIFollowerCommentFaction","Put in this faction to get WI follower comments"
"WIGenericCrimeFaction","Crime Faction so crimes against created actors are registered"
"WIKill04ExclusionFaction","Death won't trigger WIKill04"
"WIKill04ThankFaction","Faction to thank player for killing Rival"
"WIMournAuntFaction",""
"WIMournBoyfriendFaction",""
"WIMournBrotherFaction",""
"WIMournCousinFemaleFaction",""
"WIMournCousinMaleFaction",""
"WIMournDaughterFaction",""
"WIMournFatherFaction",""
"WIMournFriendFemaleFaction",""
"WIMournFriendMaleFaction",""
"WIMournGirlfriendFaction",""
"WIMournHusbandFaction",""
"WIMournKinsmanFaction",""
"WIMournKinswomanFaction",""
"WIMournMotherFaction",""
"WIMournNephewFaction",""
"WIMournNieceFaction",""
"WIMournSisterFaction",""
"WIMournSonFaction",""
"WIMournUncleFaction",""
"WIMournWifeFaction",""
"WindhelmApothecaryFaction",""
"WindhelmAretinoResidenceFaction",""
"WindhelmArgonianFaction",""
"WindhelmAtheronFamilyFaction",""
"WindhelmBlacksmithFaction",""
"WindhelmCandlehearthHallFaction",""
"WindhelmCandlehearthOwnerFaction",""
"WindhelmCandlehearthPatrons",""
"WindhelmCandlehearthWorkers",""
"WindhelmCornerclubInnkeeperFaction",""
"WindhelmCornerclubPatrons",""
"WindhelmCruelSeaFaction",""
"WindhelmEastEmpireFaction",""
"WindhelmHallOfTheDeadFaction",""
"WindhelmHostlerFaction",""
"WindhelmJarlOwnershipFaction",""
"WindhelmMarketBrowsers",""
"WindhelmPalace",""
"WindhelmPalaceDoorFaction",""
"WindhelmPawnshopOwnerFaction",""
"WindhelmPriestsFaction",""
"WindhelmQuintusFaction",""
"WindhelmShatterShieldFaction",""
"WindhelmShatterShieldOfficeFaction",""
"WindhelmStablesFaction",""
"WindhelmSteward",""
"WindhelmTempleFaction",""
"WindhelmViolaFaction",""
"WINeverFillAliasesFaction","Actors in this will never fill world interaction aliases"
"WINoBodyCleanupFaction","Do not clean up body / move items to crypt, even if script says to do so"
"WINoGreetingFaction","Prevents filling aliases in WIGreeting"
"WINoTavernFaction","Prevents filling aliases in WITavern"
"WinterholdFrozenHearthFaction","Winterhold Frozen Hearth Faction"
"WinterholdJailFaction",""
"WinterholdJarlFaction",""
"WinterholdKraldarsHouseFaction",""
"WinterholdRanmirsHouseFaction",""
"WIPlayerEnemyFaction",""
"WIPlayerEnemySpecialCombatFaction",""
"WISpectatorFaction","Condition on Spectator Idle Anims"
"WispFaction","Wisp Faction"
"WITavernPatronFaction",""
"WIThiefFaction",""
"WIThiefFaction",""
"WIThugFaction",""
"WIThugFaction",""
"WolfFaction","Wolf Faction"
